<?xml version="1.0" encoding="UTF-8"?><?xml-stylesheet type='text/xsl' href='_UpgradeReport_Files/UpgradeReport.xslt'?><UpgradeLog>
<Properties><Property Name="Solution" Value="FingerprintReader">
</Property><Property Name="Solution File" Value="D:\installer\fingerprint SDK\16046\FingerprintReader\FingerprintReader.sln">
</Property><Property Name="User Options File" Value="D:\installer\fingerprint SDK\16046\FingerprintReader\FingerprintReader.suo">
</Property><Property Name="Date" Value="Monday, March 16, 2015">
</Property><Property Name="Time" Value="23:55 PM">
</Property></Properties><Event ErrorLevel="0" Project="" Source="FingerprintReader.sln" Description="File successfully backed up as D:\installer\fingerprint SDK\16046\FingerprintReader\Backup\FingerprintReader.sln">
</Event><Event ErrorLevel="0" Project="" Source="FingerprintReader.suo" Description="File successfully backed up as D:\installer\fingerprint SDK\16046\FingerprintReader\Backup\FingerprintReader.suo">
</Event><Event ErrorLevel="0" Project="FingerprintReader" Source="FingerprintReader.vbproj" Description="Project file successfully backed up as D:\installer\fingerprint SDK\16046\FingerprintReader\Backup\FingerprintReader.vbproj">
</Event><Event ErrorLevel="0" Project="FingerprintReader" Source="FingerprintReader.vbproj.user" Description="Project user file successfully backed up as D:\installer\fingerprint SDK\16046\FingerprintReader\Backup\FingerprintReader.vbproj.user">
</Event><Event ErrorLevel="0" Project="FingerprintReader" Source="AssemblyInfo.vb" Description="File successfully backed up as D:\installer\fingerprint SDK\16046\FingerprintReader\Backup\AssemblyInfo.vb">
</Event><Event ErrorLevel="0" Project="FingerprintReader" Source="DBClass.vb" Description="File successfully backed up as D:\installer\fingerprint SDK\16046\FingerprintReader\Backup\DBClass.vb">
</Event><Event ErrorLevel="0" Project="FingerprintReader" Source="Form1.vb" Description="File successfully backed up as D:\installer\fingerprint SDK\16046\FingerprintReader\Backup\Form1.vb">
</Event><Event ErrorLevel="0" Project="FingerprintReader" Source="Util.vb" Description="File successfully backed up as D:\installer\fingerprint SDK\16046\FingerprintReader\Backup\Util.vb">
</Event><Event ErrorLevel="0" Project="FingerprintReader" Source="Form1.resx" Description="File successfully backed up as D:\installer\fingerprint SDK\16046\FingerprintReader\Backup\Form1.resx">
</Event><Event ErrorLevel="0" Project="FingerprintReader" Source="FingerprintReader.vbproj" Description="Project converted successfully">
</Event><Event ErrorLevel="3" Project="FingerprintReader" Source="FingerprintReader.vbproj" Description="Converted">
</Event><Event ErrorLevel="0" Project="" Source="FingerprintReader.sln" Description="Solution converted successfully">
</Event><Event ErrorLevel="3" Project="" Source="FingerprintReader.sln" Description="Converted">
</Event><Event ErrorLevel="0" Project="FingerprintReader" Source="FingerprintReader.vbproj" Description="Scan complete: Upgrade not required for project files.">
</Event></UpgradeLog>